{"text": " \u0417\u0434\u0440\u0430\u0432\u0441\u0442\u0432\u0443\u0439\u0442\u0435, \u0434\u043e\u0440\u043e\u0433\u0438\u0435 \u0434\u0440\u0443\u0437\u044c\u044f! \u0412 \u044d\u0444\u0438\u0440\u0435 \u043e\u0447\u0435\u0440\u0435\u0434\u043d\u043e\u0439 \u0432\u044b\u043f\u0443\u0441\u043a \u043f\u043e\u0434\u043a\u0430\u0441\u0442\u0430 \u00ab\u0412 \u043f\u043e\u0438\u0441\u043a\u0430\u0445 \u0441\u043c\u044b\u0441\u043b\u0430\u00bb. \u0423 \u043c\u0438\u043a\u0440\u043e\u0444\u043e\u043d\u0430 \u044f, \u0415\u0432\u0433\u0435\u043d\u0438\u0439 \u0413\u043e\u043b\u0443\u0431. \u0418 \u044f, \u041f\u0430\u0432\u0435\u043b \u0429\u0435\u043b\u0438\u043d. \u0417\u0434\u0440\u0430\u0432\u0441\u0442\u0432\u0443\u0439\u0442\u0435, \u0434\u043e\u0440\u043e\u0433\u0438\u0435 \u0441\u043b\u0443\u0448\u0430\u0442\u0435\u043b\u0438!", "segments": [{"id": 0, "seek": 0, "start": 0.0, "end": 10.16, "text": " \u0417\u0434\u0440\u0430\u0432\u0441\u0442\u0432\u0443\u0439\u0442\u0435, \u0434\u043e\u0440\u043e\u0433\u0438\u0435 \u0434\u0440\u0443\u0437\u044c\u044f!", "tokens": [50365, 17613, 36359, 11, 24365, 5299, 28366, 0, 50873], "temperature": 0.0, "avg_logprob": -0.08168502414927763, "compression_ratio": 1.6229508196721312, "no_speech_prob": 0.00794085580855608}, {"id": 1, "seek": 0, "start": 10.6, "end": 14.120000000000001, "text": " \u0412 \u044d\u0444\u0438\u0440\u0435 \u043e\u0447\u0435\u0440\u0435\u0434\u043d\u043e\u0439 \u0432\u044b\u043f\u0443\u0441\u043a \u043f\u043e\u0434\u043a\u0430\u0441\u0442\u0430 \u00ab\u0412 \u043f\u043e\u0438\u0441\u043a\u0430\u0445 \u0441\u043c\u044b\u0441\u043b\u0430\u00bb.", "tokens": [50895, 2348, 1704, 3619, 4490, 387, 33102, 2229, 5007, 48777, 4095, 2833, 11459, 4657, 8578, 2801, 3323, 18366, 44045, 4989, 12513, 51071], "temperature": 0.0, "avg_logprob": -0.08168502414927763, "compression_ratio": 1.6229508196721312, "no_speech_prob": 0.00794085580855608}, {"id": 2, "seek": 0, "start": 14.120000000000001, "end": 16.5, "text": " \u0423 \u043c\u0438\u043a\u0440\u043e\u0444\u043e\u043d\u0430 \u044f, \u0415\u0432\u0433\u0435\u043d\u0438\u0439 \u0413\u043e\u043b\u0443\u0431.", "tokens": [51071, 6523, 43712, 9938, 3619, 14411, 2552, 11, 34019, 1906, 17271, 7247, 1227, 8893, 13, 51190], "temperature": 0.0, "avg_logprob": -0.08168502414927763, "compression_ratio": 1.6229508196721312, "no_speech_prob": 0.00794085580855608}, {"id": 3, "seek": 0, "start": 16.68, "end": 19.36, "text": " \u0418 \u044f, \u041f\u0430\u0432\u0435\u043b \u0429\u0435\u043b\u0438\u043d. \u0417\u0434\u0440\u0430\u0432\u0441\u0442\u0432\u0443\u0439\u0442\u0435, \u0434\u043e\u0440\u043e\u0433\u0438\u0435 \u0441\u043b\u0443\u0448\u0430\u0442\u0435\u043b\u0438!", "tokens": [51199, 3272, 2552, 11, 2608, 1828, 1414, 42373, 1414, 2599, 13, 17613, 36359, 11, 24365, 5299, 41839, 43512, 0, 51333], "temperature": 0.0, "avg_logprob": -0.08168502414927763, "compression_ratio": 1.6229508196721312, "no_speech_prob": 0.00794085580855608}], "language": "ru"}